<?xml version="1.0" encoding="UTF-8"?>
<project-private xmlns="http://www.netbeans.org/ns/project-private/1">
    <editor-bookmarks xmlns="http://www.netbeans.org/ns/editor-bookmarks/2" lastBookmarkId="0"/>
    <open-files xmlns="http://www.netbeans.org/ns/projectui-open-files/2">
        <group>
            <file>file:/C:/Users/Eduardo%20Soto/Documents/NetBeansProjects/Factura/src/conexion/cls_conexion.java</file>
            <file>file:/C:/Users/Eduardo%20Soto/Documents/NetBeansProjects/Factura/src/logica/cls_factura.java</file>
            <file>file:/C:/Users/Eduardo%20Soto/Documents/NetBeansProjects/Factura/src/factura/cls_Main.java</file>
            <file>file:/C:/Users/Eduardo%20Soto/Documents/NetBeansProjects/Factura/src/formulario/frm_factura.java</file>
            <file>file:/C:/Users/Eduardo%20Soto/Documents/NetBeansProjects/Factura/src/logica/cls_factura2.java</file>
        </group>
    </open-files>
</project-private>
